alpha_VSP1,alpha_VSP2,omega_VSP1,omega_VSP2,u_BT,u_VSP1,u_VSP2,Absolute Time
0.000000,0.000000,0.000000,0.000000,-0.000000,0.000000,0.000000,3568632723.411616
0.000000,0.000000,0.000000,0.000000,-0.000000,0.000000,0.000000,3568632723.421622
0.000000,0.000000,0.000000,0.000000,-0.000000,0.000000,0.000000,3568632723.431621
0.000000,0.000000,0.000000,0.000000,-0.000000,0.000000,0.000000,3568632723.441621
0.000000,0.000000,0.000000,0.000000,-0.000000,0.000000,0.000000,3568632723.451621
0.000000,0.000000,0.000000,0.000000,-0.000000,0.000000,0.000000,3568632723.461623
0.000000,0.000000,0.000000,0.000000,-0.000000,0.000000,0.000000,3568632723.471626
0.000000,0.000000,0.000000,0.000000,-0.000000,0.000000,0.000000,3568632723.481623
0.000000,0.000000,0.000000,0.000000,-0.000000,0.000000,0.000000,3568632723.491622
0.000000,0.000000,0.000000,0.000000,-0.000000,0.000000,0.000000,3568632723.501625
0.000000,0.000000,0.000000,0.000000,-0.000000,0.000000,0.000000,3568632723.511620
0.000000,0.000000,0.000000,0.000000,-0.000000,0.000000,0.000000,3568632723.521625
0.000000,0.000000,0.000000,0.000000,-0.000000,0.000000,0.000000,3568632723.531626
0.000000,0.000000,0.000000,0.000000,-0.000000,0.000000,0.000000,3568632723.541625
0.000000,0.000000,0.000000,0.000000,-0.000000,0.000000,0.000000,3568632723.551624
0.000000,0.000000,0.000000,0.000000,-0.000000,0.000000,0.000000,3568632723.561625
0.000000,0.000000,0.000000,0.000000,-0.000000,0.000000,0.000000,3568632723.571625
0.000000,0.000000,0.000000,0.000000,-0.000000,0.000000,0.000000,3568632723.581626
0.000000,0.000000,0.000000,0.000000,-0.000000,0.000000,0.000000,3568632723.591629
0.000000,0.000000,0.000000,0.000000,-0.000000,0.000000,0.000000,3568632723.601627
0.000000,0.000000,0.000000,0.000000,-0.000000,0.000000,0.000000,3568632723.611624
0.000000,0.000000,0.000000,0.000000,-0.000000,0.000000,0.000000,3568632723.621627
0.000000,0.000000,0.000000,0.000000,-0.000000,0.000000,0.000000,3568632723.631629
0.000000,0.000000,0.000000,0.000000,-0.000000,0.000000,0.000000,3568632723.641628
0.000000,0.000000,0.000000,0.000000,-0.000000,0.000000,0.000000,3568632723.651630
0.000000,0.000000,0.000000,0.000000,-0.000000,0.000000,0.000000,3568632723.661628
0.000000,0.000000,0.000000,0.000000,-0.000000,0.000000,0.000000,3568632723.671628
0.000000,0.000000,0.000000,0.000000,-0.000000,0.000000,0.000000,3568632723.681629
0.000000,0.000000,0.000000,0.000000,-0.000000,0.000000,0.000000,3568632723.691631
0.000000,0.000000,0.000000,0.000000,-0.000000,0.000000,0.000000,3568632723.701632
0.000000,0.000000,0.000000,0.000000,-0.000000,0.000000,0.000000,3568632723.711628
0.000000,0.000000,0.000000,0.000000,-0.000000,0.000000,0.000000,3568632723.721630
0.000000,0.000000,0.000000,0.000000,-0.000000,0.000000,0.000000,3568632723.731630
0.000000,0.000000,0.000000,0.000000,-0.000000,0.000000,0.000000,3568632723.741632
0.000000,0.000000,0.100000,0.100000,-0.000000,0.000000,0.000000,3568632723.751631
0.000000,0.000000,0.200000,0.200000,-0.000000,0.000000,0.000000,3568632723.761631
0.000000,0.000000,0.300000,0.300000,-0.000000,0.000000,0.000000,3568632723.771635
0.000000,0.000000,0.400000,0.400000,-0.000000,0.000000,0.000000,3568632723.781632
0.000000,0.000000,0.500000,0.500000,-0.000000,0.000000,0.000000,3568632723.791633
0.000000,0.000000,0.600000,0.600000,-0.000000,0.000000,0.000000,3568632723.801634
0.000000,0.000000,0.700000,0.700000,-0.000000,0.000000,0.000000,3568632723.811630
0.000000,0.000000,0.800000,0.800000,-0.000000,0.000000,0.000000,3568632723.821633
0.000000,0.000000,0.900000,0.900000,-0.000000,0.000000,0.000000,3568632723.831640
0.000000,0.000000,1.000000,1.000000,-0.000000,0.000000,0.000000,3568632723.841634
0.000000,0.000000,1.000000,1.000000,-0.000000,0.000000,0.000000,3568632723.851635
0.000000,0.000000,1.000000,1.000000,-0.000000,0.000000,0.000000,3568632723.861636
0.000000,0.000000,1.000000,1.000000,-0.000000,0.000000,0.000000,3568632723.871635
0.000000,0.000000,1.000000,1.000000,-0.000000,0.000000,0.000000,3568632723.881637
0.000000,0.000000,1.000000,1.000000,-0.000000,0.000000,0.000000,3568632723.891639
0.000000,0.000000,1.000000,1.000000,-0.000000,0.000000,0.000000,3568632723.901638
0.000000,0.000000,1.000000,1.000000,-0.000000,0.000000,0.000000,3568632723.911633
0.000000,0.000000,1.000000,1.000000,-0.000000,0.000000,0.000000,3568632723.921637
0.000000,0.000000,1.000000,1.000000,-0.000000,0.000000,0.000000,3568632723.931637
0.000000,0.000000,1.000000,1.000000,-0.000000,0.000000,0.000000,3568632723.941638
0.000000,0.000000,1.000000,1.000000,-0.000000,0.000000,0.000000,3568632723.951640
0.000000,0.000000,1.000000,1.000000,-0.000000,0.000000,0.000000,3568632723.961638
0.000000,0.000000,1.000000,1.000000,-0.000000,0.000000,0.000000,3568632723.971639
0.000000,0.000000,1.000000,1.000000,-0.000000,0.000000,0.000000,3568632723.981639
0.000000,0.000000,1.000000,1.000000,-0.000000,0.000000,0.000000,3568632723.991639
0.000000,0.000000,1.000000,1.000000,-0.000000,0.000000,0.000000,3568632724.001641
0.000000,0.000000,1.000000,1.000000,-0.000000,0.000000,0.000000,3568632724.011639
0.000000,0.000000,1.000000,1.000000,-0.000000,0.000000,0.000000,3568632724.021640
0.000000,0.000000,1.000000,1.000000,-0.000000,0.000000,0.000000,3568632724.031642
0.000000,0.000000,1.000000,1.000000,-0.000000,0.000000,0.000000,3568632724.041640
0.000000,0.000000,1.000000,1.000000,-0.000000,0.000000,0.000000,3568632724.051641
0.000000,0.000000,1.000000,1.000000,-0.000000,0.000000,0.000000,3568632724.061641
0.000000,0.000000,1.000000,1.000000,-0.000000,0.000000,0.000000,3568632724.071645
0.000000,0.000000,1.000000,1.000000,-0.000000,0.000000,0.000000,3568632724.081642
0.000000,0.000000,1.000000,1.000000,-0.000000,0.000000,0.000000,3568632724.091643
0.000000,0.000000,1.000000,1.000000,-0.000000,0.000000,0.000000,3568632724.101644
0.000000,0.000000,1.000000,1.000000,-0.000000,0.000000,0.000000,3568632724.111639
0.000000,0.000000,1.000000,1.000000,-0.000000,0.000000,0.000000,3568632724.121643
0.000000,0.000000,1.000000,1.000000,-0.000000,0.000000,0.000000,3568632724.131646
0.000000,0.000000,1.000000,1.000000,-0.000000,0.000000,0.000000,3568632724.141645
0.000000,0.000000,1.000000,1.000000,-0.000000,0.000000,0.000000,3568632724.151644
0.000000,0.000000,1.000000,1.000000,-0.000000,0.000000,0.000000,3568632724.161645
0.000000,0.000000,1.000000,1.000000,-0.000000,0.000000,0.000000,3568632724.171645
0.000000,0.000000,1.000000,1.000000,-0.000000,0.000000,0.000000,3568632724.181645
0.000000,0.000000,1.000000,1.000000,-0.000000,0.000000,0.000000,3568632724.191648
0.000000,0.000000,1.000000,1.000000,-0.000000,0.000000,0.000000,3568632724.201648
0.000000,0.000000,1.000000,1.000000,-0.000000,0.000000,0.000000,3568632724.211643
0.000000,0.000000,1.000000,1.000000,-0.000000,0.000000,0.000000,3568632724.221646
0.000000,0.000000,1.000000,1.000000,-0.000000,0.000000,0.000000,3568632724.231647
0.000000,0.000000,1.000000,1.000000,-0.000000,0.000000,0.000000,3568632724.241647
0.000000,0.000000,1.000000,1.000000,-0.000000,0.000000,0.000000,3568632724.251650
0.000000,0.000000,1.000000,1.000000,-0.000000,0.000000,0.000000,3568632724.261648
0.000000,0.000000,1.000000,1.000000,-0.000000,0.000000,0.000000,3568632724.271648
0.000000,0.000000,1.000000,1.000000,-0.000000,0.000000,0.000000,3568632724.281648
0.000000,0.000000,1.000000,1.000000,-0.000000,0.000000,0.000000,3568632724.291649
0.000000,0.000000,1.000000,1.000000,-0.000000,0.000000,0.000000,3568632724.301651
0.000000,0.000000,1.000000,1.000000,-0.000000,0.000000,0.000000,3568632724.311649
0.000000,0.000000,1.000000,1.000000,-0.000000,0.000000,0.000000,3568632724.321650
0.000000,0.000000,1.000000,1.000000,-0.000000,0.000000,0.000000,3568632724.331650
0.000000,0.000000,1.000000,1.000000,-0.000000,0.000000,0.000000,3568632724.341651
0.000000,0.000000,1.000000,1.000000,-0.000000,0.000000,0.000000,3568632724.351651
0.000000,0.000000,1.000000,1.000000,-0.000000,0.000000,0.000000,3568632724.361652
0.000000,0.000000,1.000000,1.000000,-0.000000,0.000000,0.000000,3568632724.371654
0.000000,0.000000,1.000000,1.000000,-0.000000,0.000000,0.000000,3568632724.381654
0.000000,0.000000,1.000000,1.000000,-0.000000,0.000000,0.000000,3568632724.391652
0.000000,0.000000,1.000000,1.000000,-0.000000,0.000000,0.000000,3568632724.401655
0.000000,0.000000,1.000000,1.000000,-0.000000,0.000000,0.000000,3568632724.411650
0.000000,0.000000,1.000000,1.000000,-0.000000,0.000000,0.000000,3568632724.421653
0.000000,0.000000,1.000000,1.000000,-0.000000,0.000000,0.000000,3568632724.431657
0.000000,0.000000,1.000000,1.000000,-0.000000,0.000000,0.000000,3568632724.441654
0.000000,0.000000,1.000000,1.000000,-0.000000,0.000000,0.000000,3568632724.451654
0.000000,0.000000,1.000000,1.000000,-0.000000,0.000000,0.000000,3568632724.461654
0.000000,0.000000,1.000000,1.000000,-0.000000,0.000000,0.000000,3568632724.471654
0.000000,0.000000,1.000000,1.000000,-0.000000,0.000000,0.000000,3568632724.481656
0.000000,0.000000,1.000000,1.000000,-0.000000,0.000000,0.000000,3568632724.491659
0.000000,0.000000,1.000000,1.000000,-0.000000,0.000000,0.000000,3568632724.501657
0.000000,0.000000,1.000000,1.000000,-0.000000,0.000000,0.000000,3568632724.511652
0.000000,0.000000,1.000000,1.000000,-0.000000,0.000000,0.000000,3568632724.521657
0.000000,0.000000,1.000000,1.000000,-0.000000,0.000000,0.000000,3568632724.531657
0.000000,0.000000,1.000000,1.000000,-0.000000,0.000000,0.000000,3568632724.541659
0.000000,0.000000,1.000000,1.000000,-0.000000,0.000000,0.000000,3568632724.551660
0.000000,0.000000,1.000000,1.000000,-0.000000,0.000000,0.000000,3568632724.561658
0.000000,0.000000,1.000000,1.000000,-0.000000,0.000000,0.000000,3568632724.571658
0.000000,0.000000,1.000000,1.000000,-0.000000,0.000000,0.000000,3568632724.581658
0.000000,0.000000,1.000000,1.000000,-0.000000,0.000000,0.000000,3568632724.591659
0.000000,0.000000,1.000000,1.000000,-0.000000,0.000000,0.000000,3568632724.601661
0.000000,0.000000,1.000000,1.000000,-0.000000,0.000000,0.000000,3568632724.611658
0.000000,0.000000,1.000000,1.000000,-0.000000,0.000000,0.000000,3568632724.621660
0.000000,0.000000,1.000000,1.000000,-0.000000,0.000000,0.000000,3568632724.631661
0.000000,0.000000,1.000000,1.000000,-0.000000,0.000000,0.000000,3568632724.641660
0.000000,0.000000,1.000000,1.000000,-0.000000,0.000000,0.000000,3568632724.651662
0.000000,0.000000,1.000000,1.000000,-0.000000,0.000000,0.000000,3568632724.661662
0.000000,0.000000,1.000000,1.000000,-0.000000,0.000000,0.000000,3568632724.671665
0.000000,0.000000,1.000000,1.000000,-0.000000,0.000000,0.000000,3568632724.681662
0.000000,0.000000,0.900000,0.900000,-0.000000,0.000000,0.000000,3568632724.691664
0.000000,0.000000,0.800000,0.800000,-0.000000,0.000000,0.000000,3568632724.701664
0.000000,0.000000,0.700000,0.700000,-0.000000,0.000000,0.000000,3568632724.711659
0.000000,0.000000,0.600000,0.600000,-0.000000,0.000000,0.000000,3568632724.721663
0.000000,0.000000,0.500000,0.500000,-0.000000,0.000000,0.000000,3568632724.731666
0.000000,0.000000,0.400000,0.400000,-0.000000,0.000000,0.000000,3568632724.741665
0.000000,0.000000,0.300000,0.300000,-0.000000,0.000000,0.000000,3568632724.751665
0.000000,0.000000,0.200000,0.200000,-0.000000,0.000000,0.000000,3568632724.761664
0.000000,0.000000,0.100000,0.100000,-0.000000,0.000000,0.000000,3568632724.771665
0.000000,0.000000,0.000000,0.000000,-0.000000,0.000000,0.000000,3568632724.781665
0.000000,0.000000,-0.100000,-0.100000,-0.000000,0.000000,0.000000,3568632724.791667
0.000000,0.000000,-0.200000,-0.200000,-0.000000,0.000000,0.000000,3568632724.801668
0.000000,0.000000,-0.300000,-0.300000,-0.000000,0.000000,0.000000,3568632724.811663
0.000000,0.000000,-0.400000,-0.400000,-0.000000,0.000000,0.000000,3568632724.821668
0.000000,0.000000,-0.500000,-0.500000,-0.000000,0.000000,0.000000,3568632724.831670
0.000000,0.000000,-0.600000,-0.600000,-0.000000,0.000000,0.000000,3568632724.841667
0.000000,0.000000,-0.700000,-0.700000,-0.000000,0.000000,0.000000,3568632724.851670
0.000000,0.000000,-0.800000,-0.800000,-0.000000,0.000000,0.000000,3568632724.861667
0.000000,0.000000,-0.900000,-0.900000,-0.000000,0.000000,0.000000,3568632724.871667
0.000000,0.000000,-1.000000,-1.000000,-0.000000,0.000000,0.000000,3568632724.881670
0.000000,0.000000,-1.000000,-1.000000,-0.000000,0.000000,0.000000,3568632724.891669
0.000000,0.000000,-1.000000,-1.000000,-0.000000,0.000000,0.000000,3568632724.901671
0.000000,0.000000,-1.000000,-1.000000,-0.000000,0.000000,0.000000,3568632724.911666
0.000000,0.000000,-1.000000,-1.000000,-0.000000,0.000000,0.000000,3568632724.921669
0.000000,0.000000,-1.000000,-1.000000,-0.000000,0.000000,0.000000,3568632724.931671
0.000000,0.000000,-1.000000,-1.000000,-0.000000,0.000000,0.000000,3568632724.941673
0.000000,0.000000,-1.000000,-1.000000,-0.000000,0.000000,0.000000,3568632724.951671
0.000000,0.000000,-1.000000,-1.000000,-0.000000,0.000000,0.000000,3568632724.961671
0.000000,0.000000,-1.000000,-1.000000,-0.000000,0.000000,0.000000,3568632724.971673
0.000000,0.000000,-1.000000,-1.000000,-0.000000,0.000000,0.000000,3568632724.981672
0.000000,0.000000,-1.000000,-1.000000,-0.000000,0.000000,0.000000,3568632724.991673
0.000000,0.000000,-1.000000,-1.000000,-0.000000,0.000000,0.000000,3568632725.001674
0.000000,0.000000,-1.000000,-1.000000,-0.000000,0.000000,0.000000,3568632725.011669
0.000000,0.000000,-1.000000,-1.000000,-0.000000,0.000000,0.000000,3568632725.021673
0.000000,0.000000,-1.000000,-1.000000,-0.000000,0.000000,0.000000,3568632725.031675
0.000000,0.000000,-1.000000,-1.000000,-0.000000,0.000000,0.000000,3568632725.041673
0.000000,0.000000,-1.000000,-1.000000,-0.000000,0.000000,0.000000,3568632725.051674
0.000000,0.000000,-1.000000,-1.000000,-0.000000,0.000000,0.000000,3568632725.061675
0.000000,0.000000,-1.000000,-1.000000,-0.000000,0.000000,0.000000,3568632725.071674
0.000000,0.000000,-1.000000,-1.000000,-0.000000,0.000000,0.000000,3568632725.081674
0.000000,0.000000,-1.000000,-1.000000,-0.000000,0.000000,0.000000,3568632725.091677
0.000000,0.000000,-1.000000,-1.000000,-0.000000,0.000000,0.000000,3568632725.101676
0.000000,0.000000,-1.000000,-1.000000,-0.000000,0.000000,0.000000,3568632725.111672
0.000000,0.000000,-1.000000,-1.000000,-0.000000,0.000000,0.000000,3568632725.121676
0.000000,0.000000,-1.000000,-1.000000,-0.000000,0.000000,0.000000,3568632725.131678
0.000000,0.000000,-1.000000,-1.000000,-0.000000,0.000000,0.000000,3568632725.141678
0.000000,0.000000,-1.000000,-1.000000,-0.000000,0.000000,0.000000,3568632725.151679
0.000000,0.000000,-1.000000,-1.000000,-0.000000,0.000000,0.000000,3568632725.161679
0.000000,0.000000,-1.000000,-1.000000,-0.000000,0.000000,0.000000,3568632725.171678
0.000000,0.000000,-1.000000,-1.000000,-0.000000,0.000000,0.000000,3568632725.181679
0.000000,0.000000,-1.000000,-1.000000,-0.000000,0.000000,0.000000,3568632725.191679
0.000000,0.000000,-1.000000,-1.000000,-0.000000,0.000000,0.000000,3568632725.201680
0.000000,0.000000,-1.000000,-1.000000,-0.000000,0.000000,0.000000,3568632725.211683
0.000000,0.000000,-1.000000,-1.000000,-0.000000,0.000000,0.000000,3568632725.221680
0.000000,0.000000,-1.000000,-1.000000,-0.000000,0.000000,0.000000,3568632725.231680
0.000000,0.000000,-1.000000,-1.000000,-0.000000,0.000000,0.000000,3568632725.241680
0.000000,0.000000,-1.000000,-1.000000,-0.000000,0.000000,0.000000,3568632725.251681
0.000000,0.000000,-1.000000,-1.000000,-0.000000,0.000000,0.000000,3568632725.261680
0.000000,0.000000,-1.000000,-1.000000,-0.000000,0.000000,0.000000,3568632725.271684
0.000000,0.000000,-1.000000,-1.000000,-0.000000,0.000000,0.000000,3568632725.281681
0.000000,0.000000,-1.000000,-1.000000,-0.000000,0.000000,0.000000,3568632725.291682
0.000000,0.000000,-1.000000,-1.000000,-0.000000,0.000000,0.000000,3568632725.301683
0.000000,0.000000,-1.000000,-1.000000,-0.000000,0.000000,0.000000,3568632725.311679
0.000000,0.000000,-1.000000,-1.000000,-0.000000,0.000000,0.000000,3568632725.321683
0.000000,0.000000,-1.000000,-1.000000,-0.000000,0.000000,0.000000,3568632725.331686
0.000000,0.000000,-1.000000,-1.000000,-0.000000,0.000000,0.000000,3568632725.341684
0.000000,0.000000,-1.000000,-1.000000,-0.000000,0.000000,0.000000,3568632725.351684
0.000000,0.000000,-1.000000,-1.000000,-0.000000,0.000000,0.000000,3568632725.361684
0.000000,0.000000,-1.000000,-1.000000,-0.000000,0.000000,0.000000,3568632725.371685
0.000000,0.000000,-1.000000,-1.000000,-0.000000,0.000000,0.000000,3568632725.381686
0.000000,0.000000,-1.000000,-1.000000,-0.000000,0.000000,0.000000,3568632725.391688
0.000000,0.000000,-1.000000,-1.000000,-0.000000,0.000000,0.000000,3568632725.401687
0.000000,0.000000,-1.000000,-1.000000,-0.000000,0.000000,0.000000,3568632725.411682
0.000000,0.000000,-1.000000,-1.000000,-0.000000,0.000000,0.000000,3568632725.421686
0.000000,0.000000,-1.000000,-1.000000,-0.000000,0.000000,0.000000,3568632725.431687
0.000000,0.000000,-1.000000,-1.000000,-0.000000,0.000000,0.000000,3568632725.441687
0.000000,0.000000,-1.000000,-1.000000,-0.000000,0.000000,0.000000,3568632725.451690
0.000000,0.000000,-1.000000,-1.000000,-0.000000,0.000000,0.000000,3568632725.461688
0.000000,0.000000,-1.000000,-1.000000,-0.000000,0.000000,0.000000,3568632725.471687
0.000000,0.000000,-1.000000,-1.000000,-0.000000,0.000000,0.000000,3568632725.481688
0.000000,0.000000,-1.000000,-1.000000,-0.000000,0.000000,0.000000,3568632725.491689
0.000000,0.000000,-1.000000,-1.000000,-0.000000,0.000000,0.000000,3568632725.501690
0.000000,0.000000,-1.000000,-1.000000,-0.000000,0.000000,0.000000,3568632725.511686
0.000000,0.000000,-1.000000,-1.000000,-0.000000,0.000000,0.000000,3568632725.521690
0.000000,0.000000,-1.000000,-1.000000,-0.000000,0.000000,0.000000,3568632725.531691
0.000000,0.000000,-1.000000,-1.000000,-0.000000,0.000000,0.000000,3568632725.541691
0.000000,0.000000,-1.000000,-1.000000,-0.000000,0.000000,0.000000,3568632725.551690
0.000000,0.000000,-1.000000,-1.000000,-0.000000,0.000000,0.000000,3568632725.561692
0.000000,0.000000,-1.000000,-1.000000,-0.000000,0.000000,0.000000,3568632725.571693
0.000000,0.000000,-1.000000,-1.000000,-0.000000,0.000000,0.000000,3568632725.581691
0.000000,0.000000,-1.000000,-1.000000,-0.000000,0.000000,0.000000,3568632725.591691
0.000000,0.000000,-1.000000,-1.000000,-0.000000,0.000000,0.000000,3568632725.601694
0.000000,0.000000,-1.000000,-1.000000,-0.000000,0.000000,0.000000,3568632725.611688
0.000000,0.000000,-1.000000,-1.000000,-0.000000,0.000000,0.000000,3568632725.621693
0.000000,0.000000,-1.000000,-1.000000,-0.000000,0.000000,0.000000,3568632725.631695
0.000000,0.000000,-1.000000,-1.000000,-0.000000,0.000000,0.000000,3568632725.641693
0.000000,0.000000,-1.000000,-1.000000,-0.000000,0.000000,0.000000,3568632725.651693
0.000000,0.000000,-1.000000,-1.000000,-0.000000,0.000000,0.000000,3568632725.661694
0.000000,0.000000,-1.000000,-1.000000,-0.000000,0.000000,0.000000,3568632725.671695
0.000000,0.000000,-1.000000,-1.000000,-0.000000,0.000000,0.000000,3568632725.681695
0.000000,0.000000,-1.000000,-1.000000,-0.000000,0.000000,0.000000,3568632725.691698
0.000000,0.000000,-1.000000,-1.000000,-0.000000,0.000000,0.000000,3568632725.701696
0.000000,0.000000,-1.000000,-1.000000,-0.000000,0.000000,0.000000,3568632725.711692
0.000000,0.000000,-1.000000,-1.000000,-0.000000,0.000000,0.000000,3568632725.721695
0.000000,0.000000,-1.000000,-1.000000,-0.000000,0.000000,0.000000,3568632725.731697
0.000000,0.000000,-1.000000,-1.000000,-0.000000,0.000000,0.000000,3568632725.741698
0.000000,0.000000,-1.000000,-1.000000,-0.000000,0.000000,0.000000,3568632725.751699
0.000000,0.000000,-1.000000,-1.000000,-0.000000,0.000000,0.000000,3568632725.761698
0.000000,0.000000,-1.000000,-1.000000,-0.000000,0.000000,0.000000,3568632725.771697
0.000000,0.000000,-1.000000,-1.000000,-0.000000,0.000000,0.000000,3568632725.781697
0.000000,0.000000,-1.000000,-1.000000,-0.000000,0.000000,0.000000,3568632725.791697
0.000000,0.000000,-1.000000,-1.000000,-0.000000,0.000000,0.000000,3568632725.801700
0.000000,0.000000,-1.000000,-1.000000,-0.000000,0.000000,0.000000,3568632725.811697
0.000000,0.000000,-1.000000,-1.000000,-0.000000,0.000000,0.000000,3568632725.821699
0.000000,0.000000,-1.000000,-1.000000,-0.000000,0.000000,0.000000,3568632725.831702
0.000000,0.000000,-1.000000,-1.000000,-0.000000,0.000000,0.000000,3568632725.841701
0.000000,0.000000,-1.000000,-1.000000,-0.000000,0.000000,0.000000,3568632725.851700
0.000000,0.000000,-1.000000,-1.000000,-0.000000,0.000000,0.000000,3568632725.861701
0.000000,0.000000,-1.000000,-1.000000,-0.000000,0.000000,0.000000,3568632725.871703
0.000000,0.000000,-1.000000,-1.000000,-0.000000,0.000000,0.000000,3568632725.881702
0.000000,0.000000,-1.000000,-1.000000,-0.000000,0.000000,0.000000,3568632725.891702
0.000000,0.000000,-0.900000,-0.900000,-0.000000,0.000000,0.000000,3568632725.901703
0.000000,0.000000,-0.800000,-0.800000,-0.000000,0.000000,0.000000,3568632725.911699
0.000000,0.000000,-0.700000,-0.700000,-0.000000,0.000000,0.000000,3568632725.921701
0.000000,0.000000,-0.600000,-0.600000,-0.000000,0.000000,0.000000,3568632725.931705
0.000000,0.000000,-0.500000,-0.500000,-0.000000,0.000000,0.000000,3568632725.941704
0.000000,0.000000,-0.400000,-0.400000,-0.000000,0.000000,0.000000,3568632725.951704
0.000000,0.000000,-0.300000,-0.300000,-0.000000,0.000000,0.000000,3568632725.961703
0.000000,0.000000,-0.200000,-0.200000,-0.000000,0.000000,0.000000,3568632725.971704
0.000000,0.000000,-0.100000,-0.100000,-0.000000,0.000000,0.000000,3568632725.981703
0.000000,0.000000,-0.000000,-0.000000,-0.000000,0.000000,0.000000,3568632725.991708
0.000000,0.000000,0.100000,0.100000,-0.000000,0.000000,0.000000,3568632726.001706
0.000000,0.000000,0.200000,0.200000,-0.000000,0.000000,0.000000,3568632726.011703
0.000000,0.000000,0.300000,0.300000,-0.000000,0.000000,0.000000,3568632726.021706
0.000000,0.000000,0.300000,0.300000,-0.000000,0.000000,0.000000,3568632726.031706
0.000000,0.000000,0.300000,0.300000,-0.000000,0.000000,0.000000,3568632726.041707
0.000000,0.000000,0.300000,0.300000,-0.000000,0.000000,0.000000,3568632726.051710
0.000000,0.000000,0.300000,0.300000,-0.000000,0.000000,0.000000,3568632726.061707
0.000000,0.000000,0.300000,0.300000,-0.000000,0.000000,0.000000,3568632726.071708
0.000000,0.000000,0.300000,0.300000,-0.000000,0.000000,0.000000,3568632726.081707
0.000000,0.000000,0.300000,0.300000,-0.000000,0.000000,0.000000,3568632726.091707
0.000000,0.000000,0.300000,0.300000,-0.000000,0.000000,0.000000,3568632726.101710
0.000000,0.000000,0.300000,0.300000,-0.000000,0.000000,0.000000,3568632726.111707
0.000000,0.000000,0.300000,0.300000,-0.000000,0.000000,0.000000,3568632726.121709
0.000000,0.000000,0.300000,0.300000,-0.000000,0.000000,0.000000,3568632726.131710
0.000000,0.000000,0.300000,0.300000,-0.000000,0.000000,0.000000,3568632726.141710
0.000000,0.000000,0.300000,0.300000,-0.000000,0.000000,0.000000,3568632726.151710
0.000000,0.000000,0.300000,0.300000,-0.000000,0.000000,0.000000,3568632726.161710
0.000000,0.000000,0.300000,0.300000,-0.000000,0.000000,0.000000,3568632726.171713
0.000000,0.000000,0.300000,0.300000,-0.000000,0.000000,0.000000,3568632726.181712
0.000000,0.000000,0.300000,0.300000,-0.000000,0.000000,0.000000,3568632726.191712
0.000000,0.000000,0.300000,0.300000,-0.000000,0.000000,0.000000,3568632726.201714
0.000000,0.000000,0.300000,0.300000,-0.000000,0.000000,0.000000,3568632726.211715
0.000000,0.000000,0.300000,0.300000,-0.000000,0.000000,0.000000,3568632726.221712
0.000000,0.000000,0.300000,0.300000,-0.000000,0.000000,0.000000,3568632726.231715
0.000000,0.000000,0.300000,0.300000,-0.000000,0.000000,0.000000,3568632726.241714
0.000000,0.000000,0.300000,0.300000,-0.000000,0.000000,0.000000,3568632726.251714
0.000000,0.000000,0.300000,0.300000,-0.000000,0.000000,0.000000,3568632726.261713
0.000000,0.000000,0.300000,0.300000,-0.000000,0.000000,0.000000,3568632726.271714
0.000000,0.000000,0.300000,0.300000,-0.000000,0.000000,0.000000,3568632726.281713
0.000000,0.000000,0.300000,0.300000,-0.000000,0.000000,0.000000,3568632726.291717
0.000000,0.000000,0.300000,0.300000,-0.000000,0.000000,0.000000,3568632726.301717
0.000000,0.000000,0.300000,0.300000,-0.000000,0.000000,0.000000,3568632726.311711
0.000000,0.000000,0.300000,0.300000,-0.000000,0.000000,0.000000,3568632726.321714
0.000000,0.000000,0.300000,0.300000,-0.000000,0.000000,0.000000,3568632726.331717
0.000000,0.000000,0.300000,0.300000,-0.000000,0.000000,0.000000,3568632726.341718
0.000000,0.000000,0.300000,0.300000,-0.000000,0.000000,0.000000,3568632726.351719
0.000000,0.000000,0.300000,0.300000,-0.000000,0.000000,0.000000,3568632726.361717
0.000000,0.000000,0.300000,0.300000,-0.000000,0.000000,0.000000,3568632726.371717
0.000000,0.000000,0.300000,0.300000,-0.000000,0.000000,0.000000,3568632726.381719
0.000000,0.000000,0.300000,0.300000,-0.000000,0.000000,0.000000,3568632726.391718
0.000000,0.000000,0.300000,0.300000,-0.000000,0.000000,0.000000,3568632726.401720
0.000000,0.000000,0.300000,0.300000,-0.000000,0.000000,0.000000,3568632726.411716
0.000000,0.000000,0.300000,0.300000,-0.000000,0.000000,0.000000,3568632726.421719
0.000000,0.000000,0.300000,0.300000,-0.000000,0.000000,0.000000,3568632726.431719
0.000000,0.000000,0.300000,0.300000,-0.000000,0.000000,0.000000,3568632726.441719
0.000000,0.000000,0.300000,0.300000,-0.000000,0.000000,0.000000,3568632726.451720
0.000000,0.000000,0.300000,0.300000,-0.000000,0.000000,0.000000,3568632726.461720
0.000000,0.000000,0.300000,0.300000,-0.000000,0.000000,0.000000,3568632726.471724
0.000000,0.000000,0.300000,0.300000,-0.000000,0.000000,0.000000,3568632726.481721
0.000000,0.000000,0.300000,0.300000,-0.000000,0.000000,0.000000,3568632726.491721
0.000000,0.000000,0.300000,0.300000,-0.000000,0.000000,0.000000,3568632726.501723
0.000000,0.000000,0.300000,0.300000,-0.000000,0.000000,0.000000,3568632726.511718
0.000000,0.000000,0.300000,0.300000,-0.000000,0.000000,0.000000,3568632726.521723
0.000000,0.000000,0.300000,0.300000,-0.000000,0.000000,0.000000,3568632726.531725
0.000000,0.000000,0.300000,0.300000,-0.000000,0.000000,0.000000,3568632726.541723
0.000000,0.000000,0.300000,0.300000,-0.000000,0.000000,0.000000,3568632726.551724
0.000000,0.000000,0.300000,0.300000,-0.000000,0.000000,0.000000,3568632726.561723
0.000000,0.000000,0.300000,0.300000,-0.000000,0.000000,0.000000,3568632726.571724
0.000000,0.000000,0.300000,0.300000,-0.000000,0.000000,0.000000,3568632726.581725
0.000000,0.000000,0.300000,0.300000,-0.000000,0.000000,0.000000,3568632726.591727
0.000000,0.000000,0.300000,0.300000,-0.000000,0.000000,0.000000,3568632726.601727
0.000000,0.000000,0.300000,0.300000,-0.000000,0.000000,0.000000,3568632726.611722
0.000000,0.000000,0.300000,0.300000,-0.000000,0.000000,0.000000,3568632726.621726
0.000000,0.000000,0.300000,0.300000,-0.000000,0.000000,0.000000,3568632726.631727
0.000000,0.000000,0.300000,0.300000,-0.000000,0.000000,0.000000,3568632726.641726
0.000000,0.000000,0.300000,0.300000,-0.000000,0.000000,0.000000,3568632726.651729
0.000000,0.000000,0.300000,0.300000,-0.000000,0.000000,0.000000,3568632726.661727
0.000000,0.000000,0.400000,0.400000,-0.000000,0.000000,0.000000,3568632726.671727
0.000000,0.000000,0.500000,0.500000,-0.000000,0.000000,0.000000,3568632726.681726
0.000000,0.000000,0.600000,0.600000,-0.000000,0.000000,0.000000,3568632726.691729
0.000000,0.000000,0.700000,0.700000,-0.000000,0.000000,0.000000,3568632726.701730
0.000000,0.000000,0.800000,0.800000,-0.000000,0.000000,0.000000,3568632726.711726
0.000000,0.000000,0.900000,0.900000,-0.000000,0.000000,0.000000,3568632726.721727
0.000000,0.000000,1.000000,1.000000,-0.000000,0.000000,0.000000,3568632726.731729
0.000000,0.000000,1.000000,1.000000,-0.000000,0.000000,0.000000,3568632726.741730
0.000000,0.000000,1.000000,1.000000,-0.000000,0.000000,0.000000,3568632726.751731
0.000000,0.000000,1.000000,1.000000,-0.000000,0.000000,0.000000,3568632726.761730
0.000000,0.000000,1.000000,1.000000,-0.000000,0.000000,0.000000,3568632726.771733
0.000000,0.000000,1.000000,1.000000,-0.000000,0.000000,0.000000,3568632726.781730
0.000000,0.000000,1.000000,1.000000,-0.000000,0.000000,0.000000,3568632726.791730
0.000000,0.000000,1.000000,1.000000,-0.000000,0.000000,0.000000,3568632726.801733
0.000000,0.000000,1.000000,1.000000,-0.000000,0.000000,0.000000,3568632726.811728
0.000000,0.000000,1.000000,1.000000,-0.000000,0.000000,0.000000,3568632726.821733
0.000000,0.000000,1.000000,1.000000,-0.000000,0.000000,0.000000,3568632726.831732
0.000000,0.000000,1.000000,1.000000,-0.000000,0.000000,0.000000,3568632726.841733
0.000000,0.000000,1.000000,1.000000,-0.000000,0.000000,0.000000,3568632726.851733
0.000000,0.000000,1.000000,1.000000,-0.000000,0.000000,0.000000,3568632726.861734
0.000000,0.000000,1.000000,1.000000,-0.000000,0.000000,0.000000,3568632726.871734
0.000000,0.000000,1.000000,1.000000,-0.000000,0.000000,0.000000,3568632726.881735
0.000000,0.000000,1.000000,1.000000,-0.000000,0.000000,0.000000,3568632726.891737
0.000000,0.000000,1.000000,1.000000,-0.000000,0.000000,0.000000,3568632726.901736
0.000000,0.000000,1.000000,1.000000,-0.000000,0.000000,0.000000,3568632726.911732
0.000000,0.000000,1.000000,1.000000,-0.000000,0.000000,0.000000,3568632726.921736
0.000000,0.000000,1.000000,1.000000,-0.000000,0.000000,0.000000,3568632726.931736
0.000000,0.000000,1.000000,1.000000,-0.000000,0.000000,0.000000,3568632726.941739
0.000000,0.000000,1.000000,1.000000,-0.000000,0.000000,0.000000,3568632726.951738
0.000000,0.000000,1.000000,1.000000,-0.000000,0.000000,0.000000,3568632726.961737
0.000000,0.000000,1.000000,1.000000,-0.000000,0.000000,0.000000,3568632726.971736
0.000000,0.000000,1.000000,1.000000,-0.000000,0.000000,0.000000,3568632726.981737
0.000000,0.000000,1.000000,1.000000,-0.000000,0.000000,0.000000,3568632726.991737
0.000000,0.000000,1.000000,1.000000,-0.000000,0.000000,0.000000,3568632727.001739
0.000000,0.000000,1.000000,1.000000,-0.000000,0.000000,0.000000,3568632727.011736
0.000000,0.000000,1.000000,1.000000,-0.000000,0.000000,0.000000,3568632727.021739
0.000000,0.000000,1.000000,1.000000,-0.000000,0.000000,0.000000,3568632727.031740
0.000000,0.000000,1.000000,1.000000,-0.000000,0.000000,0.000000,3568632727.041740
0.000000,0.000000,1.000000,1.000000,-0.000000,0.000000,0.000000,3568632727.051740
0.000000,0.000000,1.000000,1.000000,-0.000000,0.000000,0.000000,3568632727.061740
0.000000,0.000000,1.000000,1.000000,-0.000000,0.000000,0.000000,3568632727.071743
0.000000,0.000000,1.000000,1.000000,-0.000000,0.000000,0.000000,3568632727.081741
0.000000,0.000000,1.000000,1.000000,-0.000000,0.000000,0.000000,3568632727.091742
0.000000,0.000000,1.000000,1.000000,-0.000000,0.000000,0.000000,3568632727.101743
0.000000,0.000000,1.000000,1.000000,-0.000000,0.000000,0.000000,3568632727.111737
0.000000,0.000000,1.000000,1.000000,-0.000000,0.000000,0.000000,3568632727.121741
0.000000,0.000000,1.000000,1.000000,-0.000000,0.000000,0.000000,3568632727.131744
0.000000,0.000000,1.000000,1.000000,-0.000000,0.000000,0.000000,3568632727.141742
0.000000,0.000000,1.000000,1.000000,-0.000000,0.000000,0.000000,3568632727.151742
0.000000,0.000000,1.000000,1.000000,-0.000000,0.000000,0.000000,3568632727.161743
0.000000,0.000000,1.000000,1.000000,-0.000000,0.000000,0.000000,3568632727.171743
0.000000,0.000000,1.000000,1.000000,-0.000000,0.000000,0.000000,3568632727.181744
0.000000,0.000000,1.000000,1.000000,-0.000000,0.000000,0.000000,3568632727.191746
0.000000,0.000000,1.000000,1.000000,-0.000000,0.000000,0.000000,3568632727.201746
0.000000,0.000000,1.000000,1.000000,-0.000000,0.000000,0.000000,3568632727.211748
0.000000,0.000000,1.000000,1.000000,-0.000000,0.000000,0.000000,3568632727.221745
0.000000,0.000000,1.000000,1.000000,-0.000000,0.000000,0.000000,3568632727.231746
0.000000,0.000000,1.000000,1.000000,-0.000000,0.000000,0.000000,3568632727.241746
0.000000,0.000000,1.000000,1.000000,-0.000000,0.000000,0.000000,3568632727.251749
0.000000,0.000000,1.000000,1.000000,-0.000000,0.000000,0.000000,3568632727.261747
0.000000,0.000000,1.000000,1.000000,-0.000000,0.000000,0.000000,3568632727.271746
0.000000,0.000000,1.000000,1.000000,-0.000000,0.000000,0.000000,3568632727.281747
0.000000,0.000000,1.000000,1.000000,-0.000000,0.000000,0.000000,3568632727.291747
0.000000,0.000000,1.000000,1.000000,-0.000000,0.000000,0.000000,3568632727.301748
0.000000,0.000000,1.000000,1.000000,-0.000000,0.000000,0.000000,3568632727.311746
0.000000,0.000000,1.000000,1.000000,-0.000000,0.000000,0.000000,3568632727.321748
0.000000,0.000000,1.000000,1.000000,-0.000000,0.000000,0.000000,3568632727.331749
0.000000,0.000000,1.000000,1.000000,-0.000000,0.000000,0.000000,3568632727.341749
0.000000,0.000000,1.000000,1.000000,-0.000000,0.000000,0.000000,3568632727.351748
0.000000,0.000000,1.000000,1.000000,-0.000000,0.000000,0.000000,3568632727.361750
0.000000,0.000000,1.000000,1.000000,-0.000000,0.000000,0.000000,3568632727.371752
0.000000,0.000000,1.000000,1.000000,-0.000000,0.000000,0.000000,3568632727.381751
0.000000,0.000000,1.000000,1.000000,-0.000000,0.000000,0.000000,3568632727.391751
0.000000,0.000000,1.000000,1.000000,-0.000000,0.000000,0.000000,3568632727.401752
0.000000,0.000000,1.000000,1.000000,-0.000000,0.000000,0.000000,3568632727.411748
0.000000,0.000000,1.000000,1.000000,-0.000000,0.000000,0.000000,3568632727.421752
0.000000,0.000000,1.000000,1.000000,-0.000000,0.000000,0.000000,3568632727.431754
0.000000,0.000000,1.000000,1.000000,-0.000000,0.000000,0.000000,3568632727.441754
0.000000,0.000000,1.000000,1.000000,-0.000000,0.000000,0.000000,3568632727.451753
0.000000,0.000000,1.000000,1.000000,-0.000000,0.000000,0.000000,3568632727.461753
0.000000,0.000000,1.000000,1.000000,-0.000000,0.000000,0.000000,3568632727.471753
0.000000,0.000000,1.000000,1.000000,-0.000000,0.000000,0.000000,3568632727.481754
0.000000,0.000000,1.000000,1.000000,-0.000000,0.000000,0.000000,3568632727.491756
0.000000,0.000000,1.000000,1.000000,-0.000000,0.000000,0.000000,3568632727.501756
0.000000,0.000000,1.000000,1.000000,-0.000000,0.000000,0.000000,3568632727.511751
0.000000,0.000000,1.000000,1.000000,-0.000000,0.000000,0.000000,3568632727.521754
0.000000,0.000000,1.000000,1.000000,-0.000000,0.000000,0.000000,3568632727.531755
0.000000,0.000000,1.000000,1.000000,-0.000000,0.000000,0.000000,3568632727.541756
0.000000,0.000000,1.000000,1.000000,-0.000000,0.000000,0.000000,3568632727.551758
0.000000,0.000000,1.000000,1.000000,-0.000000,0.000000,0.000000,3568632727.561756
0.000000,0.000000,1.000000,1.000000,-0.000000,0.000000,0.000000,3568632727.571756
0.000000,0.000000,1.000000,1.000000,-0.000000,0.000000,0.000000,3568632727.581757
0.000000,0.000000,1.000000,1.000000,-0.000000,0.000000,0.000000,3568632727.591757
0.000000,0.000000,1.000000,1.000000,-0.000000,0.000000,0.000000,3568632727.601758
0.000000,0.000000,1.000000,1.000000,-0.000000,0.000000,0.000000,3568632727.611757
0.000000,0.000000,1.000000,1.000000,-0.000000,0.000000,0.000000,3568632727.621758
0.000000,0.000000,1.000000,1.000000,-0.000000,0.000000,0.000000,3568632727.631760
0.000000,0.000000,1.000000,1.000000,-0.000000,0.000000,0.000000,3568632727.641759
0.000000,0.000000,1.000000,1.000000,-0.000000,0.000000,0.000000,3568632727.651758
0.000000,0.000000,1.000000,1.000000,-0.000000,0.000000,0.000000,3568632727.661759
0.000000,0.000000,1.000000,1.000000,-0.000000,0.000000,0.000000,3568632727.671762
0.000000,0.000000,1.000000,1.000000,-0.000000,0.000000,0.000000,3568632727.681760
0.000000,0.000000,1.000000,1.000000,-0.000000,0.000000,0.000000,3568632727.691761
0.000000,0.000000,1.000000,1.000000,-0.000000,0.000000,0.000000,3568632727.701763
0.000000,0.000000,1.000000,1.000000,-0.000000,0.000000,0.000000,3568632727.711759
0.000000,0.000000,1.000000,1.000000,-0.000000,0.000000,0.000000,3568632727.721762
0.000000,0.000000,1.000000,1.000000,-0.000000,0.000000,0.000000,3568632727.731764
0.000000,0.000000,0.900000,0.900000,-0.000000,0.000000,0.000000,3568632727.741762
0.000000,0.000000,0.800000,0.800000,-0.000000,0.000000,0.000000,3568632727.751764
0.000000,0.000000,0.700000,0.700000,-0.000000,0.000000,0.000000,3568632727.761763
0.000000,0.000000,0.600000,0.600000,-0.000000,0.000000,0.000000,3568632727.771764
0.000000,0.000000,0.500000,0.500000,-0.000000,0.000000,0.000000,3568632727.781762
0.000000,0.000000,0.400000,0.400000,-0.000000,0.000000,0.000000,3568632727.791766
0.000000,0.000000,0.300000,0.300000,-0.000000,0.000000,0.000000,3568632727.801765
0.000000,0.000000,0.200000,0.200000,-0.000000,0.000000,0.000000,3568632727.811761
0.000000,0.000000,0.100000,0.100000,-0.000000,0.000000,0.000000,3568632727.821764
0.000000,0.000000,0.000000,0.000000,-0.000000,0.000000,0.000000,3568632727.831762
0.000000,0.000000,-0.100000,-0.100000,-0.000000,0.000000,0.000000,3568632727.841766
0.000000,0.000000,-0.200000,-0.200000,-0.000000,0.000000,0.000000,3568632727.851768
0.000000,0.000000,-0.300000,-0.300000,-0.000000,0.000000,0.000000,3568632727.861765
0.000000,0.000000,-0.400000,-0.400000,-0.000000,0.000000,0.000000,3568632727.871767
0.000000,0.000000,-0.400000,-0.400000,-0.000000,0.000000,0.000000,3568632727.881768
0.000000,0.000000,-0.400000,-0.400000,-0.000000,0.000000,0.000000,3568632727.891767
0.000000,0.000000,-0.400000,-0.400000,-0.000000,0.000000,0.000000,3568632727.901769
0.000000,0.000000,-0.400000,-0.400000,-0.000000,0.000000,0.000000,3568632727.911767
0.000000,0.000000,-0.400000,-0.400000,-0.000000,0.000000,0.000000,3568632727.921768
0.000000,0.000000,-0.400000,-0.400000,-0.000000,0.000000,0.000000,3568632727.931769
0.000000,0.000000,-0.400000,-0.400000,-0.000000,0.000000,0.000000,3568632727.941769
0.000000,0.000000,-0.400000,-0.400000,-0.000000,0.000000,0.000000,3568632727.951768
0.000000,0.000000,-0.400000,-0.400000,-0.000000,0.000000,0.000000,3568632727.961769
0.000000,0.000000,-0.400000,-0.400000,-0.000000,0.000000,0.000000,3568632727.971773
0.000000,0.000000,-0.400000,-0.400000,-0.000000,0.000000,0.000000,3568632727.981770
0.000000,0.000000,-0.400000,-0.400000,-0.000000,0.000000,0.000000,3568632727.991770
0.000000,0.000000,-0.400000,-0.400000,-0.000000,0.000000,0.000000,3568632728.001772
0.000000,0.000000,-0.400000,-0.400000,-0.000000,0.000000,0.000000,3568632728.011767
0.000000,0.000000,-0.400000,-0.400000,-0.000000,0.000000,0.000000,3568632728.021770
0.000000,0.000000,-0.400000,-0.400000,-0.000000,0.000000,0.000000,3568632728.031774
0.000000,0.000000,-0.400000,-0.400000,-0.000000,0.000000,0.000000,3568632728.041772
0.000000,0.000000,-0.400000,-0.400000,-0.000000,0.000000,0.000000,3568632728.051774
0.000000,0.000000,-0.400000,-0.400000,-0.000000,0.000000,0.000000,3568632728.061773
0.000000,0.000000,-0.400000,-0.400000,-0.000000,0.000000,0.000000,3568632728.071773
0.000000,0.000000,-0.400000,-0.400000,-0.000000,0.000000,0.000000,3568632728.081773
0.000000,0.000000,-0.400000,-0.400000,-0.000000,0.000000,0.000000,3568632728.091776
0.000000,0.000000,-0.400000,-0.400000,-0.000000,0.000000,0.000000,3568632728.101776
0.000000,0.000000,-0.400000,-0.400000,-0.000000,0.000000,0.000000,3568632728.111771
0.000000,0.000000,-0.400000,-0.400000,-0.000000,0.000000,0.000000,3568632728.121775
0.000000,0.000000,-0.400000,-0.400000,-0.000000,0.000000,0.000000,3568632728.131776
0.000000,0.000000,-0.400000,-0.400000,-0.000000,0.000000,0.000000,3568632728.141775
0.000000,0.000000,-0.400000,-0.400000,-0.000000,0.000000,0.000000,3568632728.151777
0.000000,0.000000,-0.400000,-0.400000,-0.000000,0.000000,0.000000,3568632728.161776
0.000000,0.000000,-0.500000,-0.500000,-0.000000,0.000000,0.000000,3568632728.171776
0.000000,0.000000,-0.600000,-0.600000,-0.000000,0.000000,0.000000,3568632728.181776
0.000000,0.000000,-0.700000,-0.700000,-0.000000,0.000000,0.000000,3568632728.191779
0.000000,0.000000,-0.800000,-0.800000,-0.000000,0.000000,0.000000,3568632728.201779
0.000000,0.000000,-0.900000,-0.900000,-0.000000,0.000000,0.000000,3568632728.211781
0.000000,0.000000,-1.000000,-1.000000,-0.000000,0.000000,0.000000,3568632728.221779
0.000000,0.000000,-1.000000,-1.000000,-0.000000,0.000000,0.000000,3568632728.231778
0.000000,0.000000,-1.000000,-1.000000,-0.000000,0.000000,0.000000,3568632728.241778
0.000000,0.000000,-1.000000,-1.000000,-0.000000,0.000000,0.000000,3568632728.251779
0.000000,0.000000,-1.000000,-1.000000,-0.000000,0.000000,0.000000,3568632728.261778
0.000000,0.000000,-1.000000,-1.000000,-0.000000,0.000000,0.000000,3568632728.271782
0.000000,0.000000,-1.000000,-1.000000,-0.000000,0.000000,0.000000,3568632728.281780
0.000000,0.000000,-1.000000,-1.000000,-0.000000,0.000000,0.000000,3568632728.291780
0.000000,0.000000,-1.000000,-1.000000,-0.000000,0.000000,0.000000,3568632728.301783
0.000000,0.000000,-1.000000,-1.000000,-0.000000,0.000000,0.000000,3568632728.311777
0.000000,0.000000,-1.000000,-1.000000,-0.000000,0.000000,0.000000,3568632728.321781
0.000000,0.000000,-1.000000,-1.000000,-0.000000,0.000000,0.000000,3568632728.331784
0.000000,0.000000,-1.000000,-1.000000,-0.000000,0.000000,0.000000,3568632728.341782
0.000000,0.000000,-1.000000,-1.000000,-0.000000,0.000000,0.000000,3568632728.351782
0.000000,0.000000,-1.000000,-1.000000,-0.000000,0.000000,0.000000,3568632728.361782
0.000000,0.000000,-1.000000,-1.000000,-0.000000,0.000000,0.000000,3568632728.371783
0.000000,0.000000,-1.000000,-1.000000,-0.000000,0.000000,0.000000,3568632728.381784
0.000000,0.000000,-1.000000,-1.000000,-0.000000,0.000000,0.000000,3568632728.391785
0.000000,0.000000,-1.000000,-1.000000,-0.000000,0.000000,0.000000,3568632728.401785
0.000000,0.000000,-1.000000,-1.000000,-0.000000,0.000000,0.000000,3568632728.411780
0.000000,0.000000,-1.000000,-1.000000,-0.000000,0.000000,0.000000,3568632728.421784
0.000000,0.000000,-1.000000,-1.000000,-0.000000,0.000000,0.000000,3568632728.431786
0.000000,0.000000,-1.000000,-1.000000,-0.000000,0.000000,0.000000,3568632728.441785
0.000000,0.000000,-1.000000,-1.000000,-0.000000,0.000000,0.000000,3568632728.451787
0.000000,0.000000,-1.000000,-1.000000,-0.000000,0.000000,0.000000,3568632728.461786
0.000000,0.000000,-1.000000,-1.000000,-0.000000,0.000000,0.000000,3568632728.471785
0.000000,0.000000,-1.000000,-1.000000,-0.000000,0.000000,0.000000,3568632728.481786
0.000000,0.000000,-1.000000,-1.000000,-0.000000,0.000000,0.000000,3568632728.491786
0.000000,0.000000,-1.000000,-1.000000,-0.000000,0.000000,0.000000,3568632728.501789
0.000000,0.000000,-1.000000,-1.000000,-0.000000,0.000000,0.000000,3568632728.511786
0.000000,0.000000,-1.000000,-1.000000,-0.000000,0.000000,0.000000,3568632728.521788
0.000000,0.000000,-1.000000,-1.000000,-0.000000,0.000000,0.000000,3568632728.531789
0.000000,0.000000,-1.000000,-1.000000,-0.000000,0.000000,0.000000,3568632728.541788
0.000000,0.000000,-1.000000,-1.000000,-0.000000,0.000000,0.000000,3568632728.551789
0.000000,0.000000,-1.000000,-1.000000,-0.000000,0.000000,0.000000,3568632728.561790
0.000000,0.000000,-1.000000,-1.000000,-0.000000,0.000000,0.000000,3568632728.571792
0.000000,0.000000,-1.000000,-1.000000,-0.000000,0.000000,0.000000,3568632728.581790
0.000000,0.000000,-1.000000,-1.000000,-0.000000,0.000000,0.000000,3568632728.591790
0.000000,0.000000,-1.000000,-1.000000,-0.000000,0.000000,0.000000,3568632728.601792
0.000000,0.000000,-1.000000,-1.000000,-0.000000,0.000000,0.000000,3568632728.611787
0.000000,0.000000,-1.000000,-1.000000,-0.000000,0.000000,0.000000,3568632728.621792
0.000000,0.000000,-1.000000,-1.000000,-0.000000,0.000000,0.000000,3568632728.631793
0.000000,0.000000,-1.000000,-1.000000,-0.000000,0.000000,0.000000,3568632728.641792
0.000000,0.000000,-1.000000,-1.000000,-0.000000,0.000000,0.000000,3568632728.651791
0.000000,0.000000,-1.000000,-1.000000,-0.000000,0.000000,0.000000,3568632728.661792
0.000000,0.000000,-1.000000,-1.000000,-0.000000,0.000000,0.000000,3568632728.671793
0.000000,0.000000,-1.000000,-1.000000,-0.000000,0.000000,0.000000,3568632728.681793
0.000000,0.000000,-1.000000,-1.000000,-0.000000,0.000000,0.000000,3568632728.691795
0.000000,0.000000,-1.000000,-1.000000,-0.000000,0.000000,0.000000,3568632728.701796
0.000000,0.000000,-1.000000,-1.000000,-0.000000,0.000000,0.000000,3568632728.711791
0.000000,0.000000,-1.000000,-1.000000,-0.000000,0.000000,0.000000,3568632728.721793
0.000000,0.000000,-1.000000,-1.000000,-0.000000,0.000000,0.000000,3568632728.731796
0.000000,0.000000,-1.000000,-1.000000,-0.000000,0.000000,0.000000,3568632728.741795
0.000000,0.000000,-1.000000,-1.000000,-0.000000,0.000000,0.000000,3568632728.751798
0.000000,0.000000,-1.000000,-1.000000,-0.000000,0.000000,0.000000,3568632728.761795
0.000000,0.000000,-1.000000,-1.000000,-0.000000,0.000000,0.000000,3568632728.771796
0.000000,0.000000,-1.000000,-1.000000,-0.000000,0.000000,0.000000,3568632728.781796
0.000000,0.000000,-1.000000,-1.000000,-0.000000,0.000000,0.000000,3568632728.791797
0.000000,0.000000,-1.000000,-1.000000,-0.000000,0.000000,0.000000,3568632728.801798
0.000000,0.000000,-1.000000,-1.000000,-0.000000,0.000000,0.000000,3568632728.811796
0.000000,0.000000,-1.000000,-1.000000,-0.000000,0.000000,0.000000,3568632728.821797
0.000000,0.000000,-1.000000,-1.000000,-0.000000,0.000000,0.000000,3568632728.831795
0.000000,0.000000,-1.000000,-1.000000,-0.000000,0.000000,0.000000,3568632728.841799
0.000000,0.000000,-1.000000,-1.000000,-0.000000,0.000000,0.000000,3568632728.851798
0.000000,0.000000,-1.000000,-1.000000,-0.000000,0.000000,0.000000,3568632728.861799
0.000000,0.000000,-1.000000,-1.000000,-0.000000,0.000000,0.000000,3568632728.871801
0.000000,0.000000,-1.000000,-1.000000,-0.000000,0.000000,0.000000,3568632728.881800
0.000000,0.000000,-1.000000,-1.000000,-0.000000,0.000000,0.000000,3568632728.891800
0.000000,0.000000,-1.000000,-1.000000,-0.000000,0.000000,0.000000,3568632728.901802
0.000000,0.000000,-1.000000,-1.000000,-0.000000,0.000000,0.000000,3568632728.911797
0.000000,0.000000,-1.000000,-1.000000,-0.000000,0.000000,0.000000,3568632728.921801
0.000000,0.000000,-1.000000,-1.000000,-0.000000,0.000000,0.000000,3568632728.931804
0.000000,0.000000,-1.000000,-1.000000,-0.000000,0.000000,0.000000,3568632728.941801
0.000000,0.000000,-1.000000,-1.000000,-0.000000,0.000000,0.000000,3568632728.951801
0.000000,0.000000,-1.000000,-1.000000,-0.000000,0.000000,0.000000,3568632728.961803
0.000000,0.000000,-1.000000,-1.000000,-0.000000,0.000000,0.000000,3568632728.971802
0.000000,0.000000,-1.000000,-1.000000,-0.000000,0.000000,0.000000,3568632728.981802
0.000000,0.000000,-1.000000,-1.000000,-0.000000,0.000000,0.000000,3568632728.991806
0.000000,0.000000,-1.000000,-1.000000,-0.000000,0.000000,0.000000,3568632729.001805
0.000000,0.000000,-1.000000,-1.000000,-0.000000,0.000000,0.000000,3568632729.011799
0.000000,0.000000,-1.000000,-1.000000,-0.000000,0.000000,0.000000,3568632729.021803
0.000000,0.000000,-1.000000,-1.000000,-0.000000,0.000000,0.000000,3568632729.031804
0.000000,0.000000,-1.000000,-1.000000,-0.000000,0.000000,0.000000,3568632729.041805
0.000000,0.000000,-1.000000,-1.000000,-0.000000,0.000000,0.000000,3568632729.051807
0.000000,0.000000,-1.000000,-1.000000,-0.000000,0.000000,0.000000,3568632729.061805
0.000000,0.000000,-1.000000,-1.000000,-0.000000,0.000000,0.000000,3568632729.071807
0.000000,0.000000,-1.000000,-1.000000,-0.000000,0.000000,0.000000,3568632729.081805
0.000000,0.000000,-1.000000,-1.000000,-0.000000,0.000000,0.000000,3568632729.091805
0.000000,0.000000,-1.000000,-1.000000,-0.000000,0.000000,0.000000,3568632729.101808
0.000000,0.000000,-1.000000,-1.000000,-0.000000,0.000000,0.000000,3568632729.111804
0.000000,0.000000,-1.000000,-1.000000,-0.000000,0.000000,0.000000,3568632729.121808
0.000000,0.000000,-1.000000,-1.000000,-0.000000,0.000000,0.000000,3568632729.131809
0.000000,0.000000,-1.000000,-1.000000,-0.000000,0.000000,0.000000,3568632729.141807
0.000000,0.000000,-1.000000,-1.000000,-0.000000,0.000000,0.000000,3568632729.151807
0.000000,0.000000,-1.000000,-1.000000,-0.000000,0.000000,0.000000,3568632729.161808
0.000000,0.000000,-1.000000,-1.000000,-0.000000,0.000000,0.000000,3568632729.171812
0.000000,0.000000,-1.000000,-1.000000,-0.000000,0.000000,0.000000,3568632729.181809
0.000000,0.000000,-1.000000,-1.000000,-0.000000,0.000000,0.000000,3568632729.191811
0.000000,0.000000,-1.000000,-1.000000,-0.000000,0.000000,0.000000,3568632729.201811
0.000000,0.000000,-1.000000,-1.000000,-0.000000,0.000000,0.000000,3568632729.211813
0.000000,0.000000,-1.000000,-1.000000,-0.000000,0.000000,0.000000,3568632729.221811
0.000000,0.000000,-1.000000,-1.000000,-0.000000,0.000000,0.000000,3568632729.231813
0.000000,0.000000,-1.000000,-1.000000,-0.000000,0.000000,0.000000,3568632729.241813
0.000000,0.000000,-1.000000,-1.000000,-0.000000,0.000000,0.000000,3568632729.251812
0.000000,0.000000,-1.000000,-1.000000,-0.000000,0.000000,0.000000,3568632729.261812
0.000000,0.000000,-1.000000,-1.000000,-0.000000,0.000000,0.000000,3568632729.271812
0.000000,0.000000,-1.000000,-1.000000,-0.000000,0.000000,0.000000,3568632729.281813
0.000000,0.000000,-1.000000,-1.000000,-0.000000,0.000000,0.000000,3568632729.291816
0.000000,0.000000,-1.000000,-1.000000,-0.000000,0.000000,0.000000,3568632729.301815
0.000000,0.000000,-1.000000,-1.000000,-0.000000,0.000000,0.000000,3568632729.311810
0.000000,0.000000,-1.000000,-1.000000,-0.000000,0.000000,0.000000,3568632729.321814
0.000000,0.000000,-1.000000,-1.000000,-0.000000,0.000000,0.000000,3568632729.331815
0.000000,0.000000,-1.000000,-1.000000,-0.000000,0.000000,0.000000,3568632729.341814
0.000000,0.000000,-1.000000,-1.000000,-0.000000,0.000000,0.000000,3568632729.351818
0.000000,0.000000,-1.000000,-1.000000,-0.000000,0.000000,0.000000,3568632729.361815
0.000000,0.000000,-1.000000,-1.000000,-0.000000,0.000000,0.000000,3568632729.371815
0.000000,0.000000,-1.000000,-1.000000,-0.000000,0.000000,0.000000,3568632729.381817
0.000000,0.000000,-1.000000,-1.000000,-0.000000,0.000000,0.000000,3568632729.391816
0.000000,0.000000,-1.000000,-1.000000,-0.000000,0.000000,0.000000,3568632729.401818
0.000000,0.000000,-1.000000,-1.000000,-0.000000,0.000000,0.000000,3568632729.411816
0.000000,0.000000,-1.000000,-1.000000,-0.000000,0.000000,0.000000,3568632729.421817
0.000000,0.000000,-1.000000,-1.000000,-0.000000,0.000000,0.000000,3568632729.431819
0.000000,0.000000,-1.000000,-1.000000,-0.000000,0.000000,0.000000,3568632729.441818
0.000000,0.000000,-1.000000,-1.000000,-0.000000,0.000000,0.000000,3568632729.451818
0.000000,0.000000,-1.000000,-1.000000,-0.000000,0.000000,0.000000,3568632729.461818
